Path,SteerAngle,Throttle,Brake,Speed,X_Position,Y_Position,Pitch,Yaw,Roll
/Users/raghu/RND/raghu/IMG/robocam_2017_06_05_22_05_53_555.jpg,0,0,1,0,99.66999,85.58897,0.000235958,56.82556,-1.475891E-07
/Users/raghu/RND/raghu/IMG/robocam_2017_06_05_22_05_53_589.jpg,0,0,0,0,99.66999,85.58897,0.0002359885,56.82556,-2.498685E-07
/Users/raghu/RND/raghu/IMG/robocam_2017_06_05_22_05_53_637.jpg,0,0,0,0,99.66999,85.58897,0.0002359733,56.82556,-1.987288E-07
/Users/raghu/RND/raghu/IMG/robocam_2017_06_05_22_05_53_686.jpg,0,0,0,0,99.66999,85.58897,0.0002359733,56.82556,-1.987288E-07
/Users/raghu/RND/raghu/IMG/robocam_2017_06_05_22_05_53_737.jpg,0,0,0,0,99.66999,85.58897,0.0002359885,56.82556,-2.498685E-07
/Users/raghu/RND/raghu/IMG/robocam_2017_06_05_22_05_53_787.jpg,0,0,0,0,99.66999,85.58897,0.000235958,56.82556,-1.475891E-07
/Users/raghu/RND/raghu/IMG/robocam_2017_06_05_22_05_53_837.jpg,0,0,0,0,99.66999,85.58897,0.0002360037,56.82556,-3.010146E-07
/Users/raghu/RND/raghu/IMG/robocam_2017_06_05_22_05_53_887.jpg,0,0,0,0,99.66999,85.58897,0.0002359733,56.82556,-1.987288E-07
/Users/raghu/RND/raghu/IMG/robocam_2017_06_05_22_05_53_937.jpg,0,0,0,0,99.66999,85.58897,0.000236019,56.82556,-3.521543E-07
/Users/raghu/RND/raghu/IMG/robocam_2017_06_05_22_05_53_987.jpg,0,0,0,0,99.66999,85.58897,0.0002357839,56.82556,-3.107983E-07
/Users/raghu/RND/raghu/IMG/robocam_2017_06_05_22_05_54_037.jpg,0,0,0,0,99.66999,85.58897,0.0002358296,56.82556,-4.642238E-07
/Users/raghu/RND/raghu/IMG/robocam_2017_06_05_22_05_54_087.jpg,0,0,0,0,99.66999,85.58897,0.0002358601,56.82556,-5.665031E-07
/Users/raghu/RND/raghu/IMG/robocam_2017_06_05_22_05_54_137.jpg,0,0,0,0,99.66999,85.58897,0.0002358296,56.82556,-4.642238E-07
/Users/raghu/RND/raghu/IMG/robocam_2017_06_05_22_05_54_186.jpg,0,0,0,0,99.66999,85.58897,0.0002358601,56.82556,-5.665031E-07
/Users/raghu/RND/raghu/IMG/robocam_2017_06_05_22_05_54_237.jpg,0,0,0,0,99.66999,85.58897,0.0002358144,56.82556,-4.130841E-07
/Users/raghu/RND/raghu/IMG/robocam_2017_06_05_22_05_54_287.jpg,0,0,0,0,99.66999,85.58897,0.0002358449,56.82556,-5.153635E-07
/Users/raghu/RND/raghu/IMG/robocam_2017_06_05_22_05_54_337.jpg,0,0,0,0,99.66999,85.58897,0.0002357992,56.82556,-3.619445E-07
/Users/raghu/RND/raghu/IMG/robocam_2017_06_05_22_05_54_387.jpg,0,0,0,0,99.66999,85.58897,0.0002358296,56.82556,-4.642238E-07
/Users/raghu/RND/raghu/IMG/robocam_2017_06_05_22_05_54_437.jpg,0,0,0,0,99.66999,85.58897,0.0002358296,56.82556,-4.642238E-07
/Users/raghu/RND/raghu/IMG/robocam_2017_06_05_22_05_54_486.jpg,0,0,0,0,99.66999,85.58897,0.0002358144,56.82556,-4.130841E-07
/Users/raghu/RND/raghu/IMG/robocam_2017_06_05_22_05_54_537.jpg,0,0,0,0,99.66999,85.58897,0.0002358601,56.82556,-5.665031E-07
/Users/raghu/RND/raghu/IMG/robocam_2017_06_05_22_05_54_587.jpg,0,0,0,0,99.66999,85.58897,0.0002357992,56.82556,-3.619445E-07
/Users/raghu/RND/raghu/IMG/robocam_2017_06_05_22_05_54_637.jpg,0,0,0,0,99.66999,85.58897,0.0002360037,56.82556,-3.010146E-07
/Users/raghu/RND/raghu/IMG/robocam_2017_06_05_22_05_54_687.jpg,0,0,0,0,99.66999,85.58897,0.0002359428,56.82556,-9.644948E-08
/Users/raghu/RND/raghu/IMG/robocam_2017_06_05_22_05_54_737.jpg,0,0,0,0,99.66999,85.58897,0.0002359885,56.82556,-2.498685E-07
/Users/raghu/RND/raghu/IMG/robocam_2017_06_05_22_05_54_786.jpg,0,0,0,0,99.66999,85.58897,0.0002359733,56.82556,-1.987288E-07
/Users/raghu/RND/raghu/IMG/robocam_2017_06_05_22_05_54_837.jpg,0,0,0,0,99.66999,85.58897,0.0002359733,56.82556,-1.987288E-07
/Users/raghu/RND/raghu/IMG/robocam_2017_06_05_22_05_54_887.jpg,0,0,0,0,99.66999,85.58897,0.0002360037,56.82556,-3.010146E-07
/Users/raghu/RND/raghu/IMG/robocam_2017_06_05_22_05_54_937.jpg,0,0,0,0,99.66999,85.58897,0.000235958,56.82556,-1.475891E-07
/Users/raghu/RND/raghu/IMG/robocam_2017_06_05_22_05_54_987.jpg,0,0,0,0,99.66999,85.58897,0.0002359885,56.82556,-2.498685E-07
/Users/raghu/RND/raghu/IMG/robocam_2017_06_05_22_05_55_037.jpg,0,0,0,0,99.66999,85.58897,0.0002359428,56.82556,-9.644948E-08
/Users/raghu/RND/raghu/IMG/robocam_2017_06_05_22_05_55_087.jpg,0,0,0,0,99.66999,85.58897,0.0002359733,56.82556,-1.987288E-07
/Users/raghu/RND/raghu/IMG/robocam_2017_06_05_22_05_55_138.jpg,0,0,0,0,99.66999,85.58897,0.0002359733,56.82556,-1.987288E-07
/Users/raghu/RND/raghu/IMG/robocam_2017_06_05_22_05_55_187.jpg,0,0,0,0,99.66999,85.58897,0.000235958,56.82556,-1.475891E-07
/Users/raghu/RND/raghu/IMG/robocam_2017_06_05_22_05_55_237.jpg,0,0,0,0,99.66999,85.58897,0.0002360037,56.82556,-3.010146E-07
/Users/raghu/RND/raghu/IMG/robocam_2017_06_05_22_05_55_287.jpg,0,0,0,0,99.66999,85.58897,0.0002359733,56.82556,-1.987288E-07
/Users/raghu/RND/raghu/IMG/robocam_2017_06_05_22_05_55_337.jpg,0,0,0,0,99.66999,85.58897,0.0002359885,56.82556,-2.498685E-07
/Users/raghu/RND/raghu/IMG/robocam_2017_06_05_22_05_55_386.jpg,0,0,0,0,99.66999,85.58897,0.0002359885,56.82556,-2.498685E-07
/Users/raghu/RND/raghu/IMG/robocam_2017_06_05_22_05_55_437.jpg,0,0,0,0,99.66999,85.58897,0.000235871,56.82556,-2.291937E-07
/Users/raghu/RND/raghu/IMG/robocam_2017_06_05_22_05_55_487.jpg,0,0,0,0,99.66999,85.58897,0.0002359015,56.82556,-3.314796E-07
/Users/raghu/RND/raghu/IMG/robocam_2017_06_05_22_05_55_537.jpg,0,0,0,0,99.66999,85.58897,0.0002359167,56.82556,-3.826192E-07
/Users/raghu/RND/raghu/IMG/robocam_2017_06_05_22_05_55_586.jpg,0,0,0,0,99.66999,85.58897,0.000235871,56.82556,-2.291937E-07
/Users/raghu/RND/raghu/IMG/robocam_2017_06_05_22_05_55_637.jpg,0,0,0,0,99.66999,85.58897,0.0002359167,56.82556,-3.826192E-07
/Users/raghu/RND/raghu/IMG/robocam_2017_06_05_22_05_55_687.jpg,0,0,0,0,99.66999,85.58897,0.0002359015,56.82556,-3.314796E-07
/Users/raghu/RND/raghu/IMG/robocam_2017_06_05_22_05_55_736.jpg,0,0,0,0,99.66999,85.58897,0.0002359015,56.82556,-3.314796E-07
/Users/raghu/RND/raghu/IMG/robocam_2017_06_05_22_05_55_787.jpg,0,0,0,0,99.66999,85.58897,0.0002359319,56.82556,-4.337589E-07
/Users/raghu/RND/raghu/IMG/robocam_2017_06_05_22_05_55_837.jpg,0,0,0,0,99.66999,85.58897,0.0002358862,56.82556,-2.803334E-07
/Users/raghu/RND/raghu/IMG/robocam_2017_06_05_22_05_55_887.jpg,0,0,0,0,99.66999,85.58897,0.0002359167,56.82556,-3.826192E-07
/Users/raghu/RND/raghu/IMG/robocam_2017_06_05_22_05_55_937.jpg,0,0,0,0,99.66999,85.58897,0.000235871,56.82556,-2.291937E-07
/Users/raghu/RND/raghu/IMG/robocam_2017_06_05_22_05_55_987.jpg,0,0,0,0,99.66999,85.58897,0.0002359015,56.82556,-3.314796E-07
/Users/raghu/RND/raghu/IMG/robocam_2017_06_05_22_05_56_036.jpg,0,0,0,0,99.66999,85.58897,0.000235958,56.82556,-1.475891E-07
/Users/raghu/RND/raghu/IMG/robocam_2017_06_05_22_05_56_087.jpg,0,0,0,0,99.66999,85.58897,0.0002359885,56.82556,-2.498685E-07
/Users/raghu/RND/raghu/IMG/robocam_2017_06_05_22_05_56_137.jpg,0,0,0,0,99.66999,85.58897,0.0002359428,56.82556,-9.644948E-08
/Users/raghu/RND/raghu/IMG/robocam_2017_06_05_22_05_56_187.jpg,0,0,0,0,99.66999,85.58897,0.0002359733,56.82556,-1.987288E-07
/Users/raghu/RND/raghu/IMG/robocam_2017_06_05_22_05_56_237.jpg,0,0,0,0,99.66999,85.58897,0.0002359733,56.82556,-1.987288E-07
/Users/raghu/RND/raghu/IMG/robocam_2017_06_05_22_05_56_287.jpg,0,0,0,0,99.66999,85.58897,0.000235958,56.82556,-1.475891E-07
/Users/raghu/RND/raghu/IMG/robocam_2017_06_05_22_05_56_336.jpg,0,0,0,0,99.66999,85.58897,0.0002360037,56.82556,-3.010146E-07
/Users/raghu/RND/raghu/IMG/robocam_2017_06_05_22_05_56_386.jpg,0,0,0,0,99.66999,85.58897,0.0002359733,56.82556,-1.987288E-07
/Users/raghu/RND/raghu/IMG/robocam_2017_06_05_22_05_56_437.jpg,0,0,0,0,99.66999,85.58897,0.0002359885,56.82556,-2.498685E-07
/Users/raghu/RND/raghu/IMG/robocam_2017_06_05_22_05_56_486.jpg,0,0,0,0,99.66999,85.58897,0.0002359885,56.82556,-2.498685E-07
/Users/raghu/RND/raghu/IMG/robocam_2017_06_05_22_05_56_536.jpg,0,0,0,0,99.66999,85.58897,0.0002359733,56.82556,-1.987288E-07
/Users/raghu/RND/raghu/IMG/robocam_2017_06_05_22_05_56_587.jpg,0,0,0,0,99.66999,85.58897,0.0002359885,56.82556,-2.498685E-07
/Users/raghu/RND/raghu/IMG/robocam_2017_06_05_22_05_56_637.jpg,0,0,0,0,99.66999,85.58897,0.0002359885,56.82556,-2.498685E-07
/Users/raghu/RND/raghu/IMG/robocam_2017_06_05_22_05_56_686.jpg,0,0,0,0,99.66999,85.58897,0.0002359015,56.82556,-3.314796E-07
/Users/raghu/RND/raghu/IMG/robocam_2017_06_05_22_05_56_737.jpg,0,0,0,0,99.66999,85.58897,0.0002359319,56.82556,-4.337589E-07
/Users/raghu/RND/raghu/IMG/robocam_2017_06_05_22_05_56_786.jpg,0,0,0,0,99.66999,85.58897,0.0002359015,56.82556,-3.314796E-07
/Users/raghu/RND/raghu/IMG/robocam_2017_06_05_22_05_56_836.jpg,0,0,0,0,99.66999,85.58897,0.0002359015,56.82556,-3.314796E-07
/Users/raghu/RND/raghu/IMG/robocam_2017_06_05_22_05_56_886.jpg,0,0,0,0,99.66999,85.58897,0.0002359319,56.82556,-4.337589E-07
/Users/raghu/RND/raghu/IMG/robocam_2017_06_05_22_05_56_937.jpg,0,0,0,0,99.66999,85.58897,0.0002358862,56.82556,-2.803334E-07
/Users/raghu/RND/raghu/IMG/robocam_2017_06_05_22_05_56_986.jpg,0,0,0,0,99.66999,85.58897,0.0002359167,56.82556,-3.826192E-07
/Users/raghu/RND/raghu/IMG/robocam_2017_06_05_22_05_57_036.jpg,0,0.100713,0,0,99.66994,85.58891,-0.001075167,56.82557,-4.466887E-07
/Users/raghu/RND/raghu/IMG/robocam_2017_06_05_22_05_57_086.jpg,0,0.2505539,0,0,99.67066,85.59,0.02794577,56.81924,-4.764124E-06
/Users/raghu/RND/raghu/IMG/robocam_2017_06_05_22_05_57_137.jpg,0,0.4007519,0,0.03319533,99.67171,85.59163,0.06800225,56.74798,0.0001088279
/Users/raghu/RND/raghu/IMG/robocam_2017_06_05_22_05_57_186.jpg,0,0.5505899,0,0.02666011,99.67265,85.59307,0.1006889,56.7985,9.933472E-06
/Users/raghu/RND/raghu/IMG/robocam_2017_06_05_22_05_57_236.jpg,0,0.7010159,0,0.05875884,99.67567,85.59769,0.2099422,56.81936,-0.000272449
/Users/raghu/RND/raghu/IMG/robocam_2017_06_05_22_05_57_286.jpg,0,0.850641,0,0.1006506,99.67883,85.60249,0.3212027,56.69365,0.0001936829
/Users/raghu/RND/raghu/IMG/robocam_2017_06_05_22_05_57_336.jpg,0,0.999051,0,0.1292164,99.68493,85.61176,0.5158425,56.74462,-0.001189542
/Users/raghu/RND/raghu/IMG/robocam_2017_06_05_22_05_57_386.jpg,0,1,0,0.1860356,99.69016,85.61973,0.6673377,56.81007,-0.0008873979
/Users/raghu/RND/raghu/IMG/robocam_2017_06_05_22_05_57_437.jpg,0,1,0,0.2278482,99.69975,85.63428,0.9201711,56.73526,-0.0002479465
/Users/raghu/RND/raghu/IMG/robocam_2017_06_05_22_05_57_486.jpg,0,1,0,0.2628207,99.70681,85.645,1.083718,56.75077,-0.0005918243
/Users/raghu/RND/raghu/IMG/robocam_2017_06_05_22_05_57_537.jpg,0,1,0,0.282564,99.71891,85.66325,1.316357,56.88041,-0.002703761
/Users/raghu/RND/raghu/IMG/robocam_2017_06_05_22_05_57_586.jpg,0,1,0,0.3478138,99.72679,85.67517,1.342508,56.82438,-0.001413277
/Users/raghu/RND/raghu/IMG/robocam_2017_06_05_22_05_57_636.jpg,0,1,0,0.3811822,99.73776,85.69186,1.167295,56.77724,-0.0002236284
/Users/raghu/RND/raghu/IMG/robocam_2017_06_05_22_05_57_686.jpg,0,1,0,0.4589496,99.74677,85.70547,1.096809,56.72682,0.0002916705
/Users/raghu/RND/raghu/IMG/robocam_2017_06_05_22_05_57_737.jpg,0,1,0,0.4663498,99.76192,85.72854,1.044347,56.86414,-0.0002814452
/Users/raghu/RND/raghu/IMG/robocam_2017_06_05_22_05_57_786.jpg,0,1,0,0.5089552,99.77303,85.74539,1.035781,56.78649,0.0007208894
/Users/raghu/RND/raghu/IMG/robocam_2017_06_05_22_05_57_838.jpg,0,1,0,0.5481379,99.79182,85.77385,1.081555,56.76866,-0.00101361
/Users/raghu/RND/raghu/IMG/robocam_2017_06_05_22_05_57_886.jpg,0,1,0,0.60534,99.80551,85.79462,1.139169,56.72941,-0.0001573389
/Users/raghu/RND/raghu/IMG/robocam_2017_06_05_22_05_57_936.jpg,0,1,0,0.6274573,99.8274,85.82774,1.231683,56.81597,-0.0008661933
/Users/raghu/RND/raghu/IMG/robocam_2017_06_05_22_05_57_986.jpg,0,1,0,0.6905043,99.84264,85.85091,1.262028,56.70798,-0.0002240365
/Users/raghu/RND/raghu/IMG/robocam_2017_06_05_22_05_58_036.jpg,0,1,0,0.711885,99.86589,85.88622,1.226372,56.59268,-0.0008788144
/Users/raghu/RND/raghu/IMG/robocam_2017_06_05_22_05_58_087.jpg,0,1,0,0.7681695,99.88242,85.91112,1.196561,56.50988,-0.0002526921
/Users/raghu/RND/raghu/IMG/robocam_2017_06_05_22_05_58_137.jpg,0,1,0,0.8116032,99.90938,85.95152,1.202803,56.40686,-0.0003084136
/Users/raghu/RND/raghu/IMG/robocam_2017_06_05_22_05_58_186.jpg,0,1,0,0.851548,99.928,85.97935,1.201551,56.41541,-0.001068146
/Users/raghu/RND/raghu/IMG/robocam_2017_06_05_22_05_58_237.jpg,0,1,0,0.8864813,99.95773,86.02377,1.213826,56.44686,-0.0005727971
/Users/raghu/RND/raghu/IMG/robocam_2017_06_05_22_05_58_286.jpg,0,1,0,0.9418244,99.97841,86.05468,1.218061,56.40814,-0.0006731125
/Users/raghu/RND/raghu/IMG/robocam_2017_06_05_22_05_58_337.jpg,0,1,0,0.974007,100.0108,86.10311,1.221104,56.39822,-0.0008323248
/Users/raghu/RND/raghu/IMG/robocam_2017_06_05_22_05_58_386.jpg,0,1,0,1.016515,100.0333,86.1367,1.218933,56.39324,-0.0008200483
/Users/raghu/RND/raghu/IMG/robocam_2017_06_05_22_05_58_437.jpg,0,1,0,1.048675,100.0683,86.18896,1.212664,56.38654,-0.0004378972
/Users/raghu/RND/raghu/IMG/robocam_2017_06_05_22_05_58_487.jpg,0,1,0,1.097898,100.0926,86.22519,1.218123,56.3536,-0.0007154105
/Users/raghu/RND/raghu/IMG/robocam_2017_06_05_22_05_58_536.jpg,0,1,0,1.127108,100.1303,86.2814,1.219205,56.30674,-0.0004540168
/Users/raghu/RND/raghu/IMG/robocam_2017_06_05_22_05_58_586.jpg,0,1,0,1.17359,100.1564,86.32019,1.224208,56.28297,-0.0006351658
/Users/raghu/RND/raghu/IMG/robocam_2017_06_05_22_05_58_637.jpg,0,1,0,1.202935,100.1966,86.38012,1.224459,56.26273,-0.0008862326
/Users/raghu/RND/raghu/IMG/robocam_2017_06_05_22_05_58_686.jpg,0,1,0,1.252077,100.2245,86.42153,1.229846,56.23244,-0.0006584378
/Users/raghu/RND/raghu/IMG/robocam_2017_06_05_22_05_58_737.jpg,0,1,0,1.285114,100.2676,86.48552,1.235227,56.2032,-0.0007824786
/Users/raghu/RND/raghu/IMG/robocam_2017_06_05_22_05_58_787.jpg,0,1,0,1.329657,100.2972,86.52935,1.233528,56.19748,-0.0009332308
/Users/raghu/RND/raghu/IMG/robocam_2017_06_05_22_05_58_837.jpg,0,1,0,1.362465,100.3431,86.59728,1.240287,56.16819,-0.0008099407
/Users/raghu/RND/raghu/IMG/robocam_2017_06_05_22_05_58_886.jpg,0,1,0,1.409243,100.3745,86.64378,1.2416,56.16034,-0.0009194898
/Users/raghu/RND/raghu/IMG/robocam_2017_06_05_22_05_58_937.jpg,0,1,0,1.441084,100.423,86.71551,1.245348,56.14439,-0.0009392395
/Users/raghu/RND/raghu/IMG/robocam_2017_06_05_22_05_58_986.jpg,0,1,0,1.488153,100.4562,86.76464,1.248362,56.13395,-0.0009354243
/Users/raghu/RND/raghu/IMG/robocam_2017_06_05_22_05_59_037.jpg,0,1,0,1.51932,100.5074,86.84023,1.251701,56.1228,-0.0009700116
/Users/raghu/RND/raghu/IMG/robocam_2017_06_05_22_05_59_086.jpg,0,1,0,1.565992,100.5424,86.89191,1.253704,56.11442,-0.0009625933
/Users/raghu/RND/raghu/IMG/robocam_2017_06_05_22_05_59_136.jpg,0,1,0,1.596914,100.5962,86.97138,1.259027,56.10159,-0.0009637694
/Users/raghu/RND/raghu/IMG/robocam_2017_06_05_22_05_59_187.jpg,0,1,0,1.643959,100.6329,87.02562,1.262198,56.09409,-0.0009780214
/Users/raghu/RND/raghu/IMG/robocam_2017_06_05_22_05_59_237.jpg,0,1,0,1.674717,100.6894,87.10886,1.265662,56.08425,-0.001014958
/Users/raghu/RND/raghu/IMG/robocam_2017_06_05_22_05_59_286.jpg,0,1,0,1.71999,100.7279,87.16562,1.268248,56.07692,-0.00102179
/Users/raghu/RND/raghu/IMG/robocam_2017_06_05_22_05_59_337.jpg,0,1,0,1.751185,100.7869,87.25269,1.274967,56.06575,-0.001048934
/Users/raghu/RND/raghu/IMG/robocam_2017_06_05_22_05_59_387.jpg,0,1,0,1.797112,100.8272,87.31194,1.275136,56.05793,-0.001032521
/Users/raghu/RND/raghu/IMG/robocam_2017_06_05_22_05_59_437.jpg,0,1,0,1.82727,100.8888,87.40278,1.282033,56.04752,-0.001083523
/Users/raghu/RND/raghu/IMG/robocam_2017_06_05_22_05_59_487.jpg,0,1,0,1.872953,100.9308,87.46452,1.281627,56.03967,-0.001052593
/Users/raghu/RND/raghu/IMG/robocam_2017_06_05_22_05_59_537.jpg,0,1,0,1.902946,100.995,87.55907,1.286991,56.02909,-0.001099378
/Users/raghu/RND/raghu/IMG/robocam_2017_06_05_22_05_59_587.jpg,0,1,0,1.948109,101.0387,87.62337,1.292037,56.02039,-0.001109601
/Users/raghu/RND/raghu/IMG/robocam_2017_06_05_22_05_59_637.jpg,0,1,0,1.978239,101.1055,87.72163,1.296459,56.00927,-0.001125615
/Users/raghu/RND/raghu/IMG/robocam_2017_06_05_22_05_59_687.jpg,0,1,0,2.023162,101.1509,87.78835,1.297227,56.00225,-0.001124094
/Users/raghu/RND/raghu/IMG/robocam_2017_06_05_22_05_59_737.jpg,0,1,0,2.052843,101.2202,87.89029,1.301787,55.99203,-0.001174429
/Users/raghu/RND/raghu/IMG/robocam_2017_06_05_22_05_59_786.jpg,0,1,0,2.097532,101.2673,87.95948,1.304729,55.98344,-0.001171388
/Users/raghu/RND/raghu/IMG/robocam_2017_06_05_22_05_59_837.jpg,0,1,0,2.127331,101.3392,88.06503,1.304542,55.97225,-0.001166317
/Users/raghu/RND/raghu/IMG/robocam_2017_06_05_22_05_59_887.jpg,0,1,0,2.171471,101.388,88.13667,1.308722,55.96452,-0.001200078
/Users/raghu/RND/raghu/IMG/robocam_2017_06_05_22_05_59_937.jpg,0,1,0,2.200311,101.4624,88.2459,1.312201,55.95404,-0.001200641
/Users/raghu/RND/raghu/IMG/robocam_2017_06_05_22_05_59_987.jpg,0,1,0,2.245051,101.5129,88.31995,1.31563,55.94601,-0.001225008
/Users/raghu/RND/raghu/IMG/robocam_2017_06_05_22_06_00_037.jpg,0,1,0,2.274539,101.5898,88.43273,1.314483,55.93468,-0.001221751
/Users/raghu/RND/raghu/IMG/robocam_2017_06_05_22_06_00_086.jpg,0,1,0,2.318197,101.6419,88.50918,1.317213,55.92675,-0.001237472
/Users/raghu/RND/raghu/IMG/robocam_2017_06_05_22_06_00_137.jpg,0,1,0,2.347234,101.7214,88.62567,1.324715,55.91545,-0.001270568
/Users/raghu/RND/raghu/IMG/robocam_2017_06_05_22_06_00_187.jpg,0,1,0,2.390987,101.7752,88.70444,1.324081,55.90841,-0.001262375
/Users/raghu/RND/raghu/IMG/robocam_2017_06_05_22_06_00_237.jpg,0,1,0,2.419868,101.8571,88.82444,1.32704,55.89617,-0.001286688
/Users/raghu/RND/raghu/IMG/robocam_2017_06_05_22_06_00_287.jpg,0,1,0,2.46308,101.9126,88.90564,1.330566,55.88855,-0.001301849
/Users/raghu/RND/raghu/IMG/robocam_2017_06_05_22_06_00_337.jpg,0,1,0,2.491824,101.997,89.02917,1.333125,55.8786,-0.001327577
/Users/raghu/RND/raghu/IMG/robocam_2017_06_05_22_06_00_387.jpg,0,1,0,2.535102,102.0541,89.11267,1.331924,55.86951,-0.001287331
/Users/raghu/RND/raghu/IMG/robocam_2017_06_05_22_06_00_437.jpg,0,1,0,2.563657,102.141,89.23972,1.332567,55.85722,-0.001310897
/Users/raghu/RND/raghu/IMG/robocam_2017_06_05_22_06_00_487.jpg,0,0.951535,0,2.606361,102.1998,89.32559,1.334494,55.8492,-0.001320159
/Users/raghu/RND/raghu/IMG/robocam_2017_06_05_22_06_00_537.jpg,0,0.8008538,0,2.631294,102.289,89.45596,1.335688,55.83928,-0.0008741015
/Users/raghu/RND/raghu/IMG/robocam_2017_06_05_22_06_00_587.jpg,0,0.6509289,0,2.661574,102.3491,89.54372,1.336592,55.83009,-0.001211327
/Users/raghu/RND/raghu/IMG/robocam_2017_06_05_22_06_00_637.jpg,0,0.5010639,0,2.676378,102.4398,89.67613,1.328547,55.81612,-0.0007201115
/Users/raghu/RND/raghu/IMG/robocam_2017_06_05_22_06_00_687.jpg,0,0.3512049,0,2.691219,102.5005,89.76469,1.313547,55.80503,-0.0006866145
/Users/raghu/RND/raghu/IMG/robocam_2017_06_05_22_06_00_738.jpg,0,0.2000349,0,2.695479,102.5915,89.89745,1.266304,55.78792,-0.0006074215
/Users/raghu/RND/raghu/IMG/robocam_2017_06_05_22_06_00_787.jpg,0,0.05138493,0,2.695194,102.652,89.98566,1.214433,55.7766,-0.0005460308
/Users/raghu/RND/raghu/IMG/robocam_2017_06_05_22_06_00_837.jpg,0,0,0,2.690239,102.7423,90.11719,1.101911,55.76012,-0.0004028422
/Users/raghu/RND/raghu/IMG/robocam_2017_06_05_22_06_00_887.jpg,0,0,0,2.681773,102.8021,90.20434,1.006611,55.74957,-0.0002380795
/Users/raghu/RND/raghu/IMG/robocam_2017_06_05_22_06_00_937.jpg,0,0,0,2.67612,102.8913,90.33437,0.8412406,55.73476,-1.526285E-05
/Users/raghu/RND/raghu/IMG/robocam_2017_06_05_22_06_00_987.jpg,0,0,0,2.667661,102.9506,90.42066,0.7202071,55.72561,0.0008630999
/Users/raghu/RND/raghu/IMG/robocam_2017_06_05_22_06_01_037.jpg,0,0,0,2.661942,103.039,90.54965,0.5287966,55.71523,0.00808011
/Users/raghu/RND/raghu/IMG/robocam_2017_06_05_22_06_01_087.jpg,0,0,0,2.653301,103.0977,90.63539,0.3980547,55.71064,0.01684868
/Users/raghu/RND/raghu/IMG/robocam_2017_06_05_22_06_01_137.jpg,0,0,0,2.647493,103.1854,90.76372,0.2024392,55.70733,0.0357775
/Users/raghu/RND/raghu/IMG/robocam_2017_06_05_22_06_01_187.jpg,0,0,0,2.638726,103.2437,90.84909,0.07444878,55.70723,0.05142
/Users/raghu/RND/raghu/IMG/robocam_2017_06_05_22_06_01_238.jpg,0,0,0,2.632842,103.3312,90.97686,359.8945,55.70197,0.06046171
/Users/raghu/RND/raghu/IMG/robocam_2017_06_05_22_06_01_287.jpg,0,0,0,2.623611,103.3896,91.06195,359.7917,55.69403,0.05192035
/Users/raghu/RND/raghu/IMG/robocam_2017_06_05_22_06_01_338.jpg,2.207474,0,0,2.617212,103.4763,91.19003,359.6584,55.7976,0.04927234
/Users/raghu/RND/raghu/IMG/robocam_2017_06_05_22_06_01_387.jpg,4.475295,0,0,2.607188,103.5333,91.27598,359.5859,56.01395,0.06260898
/Users/raghu/RND/raghu/IMG/robocam_2017_06_05_22_06_01_437.jpg,3.707819,0,0,2.600149,103.6169,91.40586,359.4986,56.54554,0.1130209
/Users/raghu/RND/raghu/IMG/robocam_2017_06_05_22_06_01_487.jpg,2.989392,0,0,2.590738,103.6724,91.49251,359.4531,56.84092,0.1423132
/Users/raghu/RND/raghu/IMG/robocam_2017_06_05_22_06_01_538.jpg,5.231292,0,0,2.5839,103.7543,91.62323,359.41,57.36303,0.2000261
/Users/raghu/RND/raghu/IMG/robocam_2017_06_05_22_06_01_587.jpg,7.521883,0,0,2.572979,103.807,91.71118,359.3864,57.86487,0.2761686
/Users/raghu/RND/raghu/IMG/robocam_2017_06_05_22_06_01_638.jpg,9.788218,0,0,2.56392,103.8833,91.84471,359.3861,58.92822,0.4266196
/Users/raghu/RND/raghu/IMG/robocam_2017_06_05_22_06_01_687.jpg,7.555812,0,0,2.552324,103.9327,91.93452,359.4092,59.71489,0.5342891
/Users/raghu/RND/raghu/IMG/robocam_2017_06_05_22_06_01_737.jpg,5.358058,0,0,2.545825,104.0062,92.06979,359.4865,60.66614,0.6537801
/Users/raghu/RND/raghu/IMG/robocam_2017_06_05_22_06_01_787.jpg,3.070483,0,0,2.536031,104.0551,92.16031,359.5716,61.12715,0.6938323
/Users/raghu/RND/raghu/IMG/robocam_2017_06_05_22_06_01_838.jpg,0.8385712,0,0,2.529828,104.1284,92.29583,359.7045,61.51387,0.7167125
/Users/raghu/RND/raghu/IMG/robocam_2017_06_05_22_06_01_886.jpg,0,0,0,2.521193,104.1772,92.3857,359.7831,61.59524,0.7123283
/Users/raghu/RND/raghu/IMG/robocam_2017_06_05_22_06_01_938.jpg,0,0,0,2.515629,104.2499,92.51984,359.8789,61.62762,0.6950057
/Users/raghu/RND/raghu/IMG/robocam_2017_06_05_22_06_01_987.jpg,0,0,0,2.507332,104.2981,92.60883,359.9286,61.63266,0.6772375
/Users/raghu/RND/raghu/IMG/robocam_2017_06_05_22_06_02_038.jpg,0,0,0,2.501829,104.37,92.74168,359.9826,61.63467,0.6416835
/Users/raghu/RND/raghu/IMG/robocam_2017_06_05_22_06_02_087.jpg,0,0,0,2.493603,104.4177,92.82981,0.005453093,61.63504,0.6126055
/Users/raghu/RND/raghu/IMG/robocam_2017_06_05_22_06_02_138.jpg,0,0,0,2.488135,104.4888,92.96137,0.02145366,61.63534,0.5621408
/Users/raghu/RND/raghu/IMG/robocam_2017_06_05_22_06_02_187.jpg,0,0,0,2.479947,104.536,93.04868,0.0208471,61.63553,0.5246882
/Users/raghu/RND/raghu/IMG/robocam_2017_06_05_22_06_02_237.jpg,0,0,0,2.474494,104.6065,93.17905,0.00485423,61.63585,0.4640941
/Users/raghu/RND/raghu/IMG/robocam_2017_06_05_22_06_02_287.jpg,0,0,0,2.466317,104.6532,93.26559,359.9853,61.63608,0.421497
/Users/raghu/RND/raghu/IMG/robocam_2017_06_05_22_06_02_338.jpg,0,0,0,2.460864,104.723,93.39488,359.9447,61.63644,0.3555252
/Users/raghu/RND/raghu/IMG/robocam_2017_06_05_22_06_02_387.jpg,0,0,0,2.452679,104.7694,93.48075,359.9114,61.63668,0.31084
/Users/raghu/RND/raghu/IMG/robocam_2017_06_05_22_06_02_438.jpg,0,0,0,2.447218,104.8387,93.60909,359.8543,61.63702,0.2438478
/Users/raghu/RND/raghu/IMG/robocam_2017_06_05_22_06_02_487.jpg,0,0,0,2.438926,104.8848,93.69438,359.8171,61.63525,0.1948597
/Users/raghu/RND/raghu/IMG/robocam_2017_06_05_22_06_02_537.jpg,0,0,0,2.433453,104.9536,93.82194,359.7563,61.63492,0.1267439
/Users/raghu/RND/raghu/IMG/robocam_2017_06_05_22_06_02_587.jpg,0,0,0,2.425097,104.9994,93.90677,359.7197,61.63266,0.07755499
/Users/raghu/RND/raghu/IMG/robocam_2017_06_05_22_06_02_637.jpg,0,0,0,2.419618,105.0679,94.03367,359.6629,61.63199,0.01095323
/Users/raghu/RND/raghu/IMG/robocam_2017_06_05_22_06_02_689.jpg,0,0,0,2.411403,105.1359,94.16039,359.6159,61.63734,359.9628
/Users/raghu/RND/raghu/IMG/robocam_2017_06_05_22_06_02_738.jpg,0,0,0,2.405491,105.1813,94.2447,359.5908,61.64034,359.9366
/Users/raghu/RND/raghu/IMG/robocam_2017_06_05_22_06_02_787.jpg,0,0,0,2.399832,105.2265,94.32903,359.5772,61.64626,359.9237
/Users/raghu/RND/raghu/IMG/robocam_2017_06_05_22_06_02_838.jpg,0,0,0,2.391416,105.2944,94.45502,359.5551,61.6484,359.9009
/Users/raghu/RND/raghu/IMG/robocam_2017_06_05_22_06_02_886.jpg,0,0,0,2.382884,105.3394,94.53899,359.5509,61.6534,359.8996
/Users/raghu/RND/raghu/IMG/robocam_2017_06_05_22_06_02_937.jpg,0,0,0,2.377458,105.407,94.66444,359.5424,61.65515,359.8939
/Users/raghu/RND/raghu/IMG/robocam_2017_06_05_22_06_02_986.jpg,0,0,0,2.369365,105.452,94.74781,359.5357,61.6554,359.8912
/Users/raghu/RND/raghu/IMG/robocam_2017_06_05_22_06_03_038.jpg,0,0,0,2.363613,105.5191,94.8728,359.54,61.66082,359.9048
/Users/raghu/RND/raghu/IMG/robocam_2017_06_05_22_06_03_087.jpg,0,0,0,2.355562,105.5639,94.9558,359.5409,61.66153,359.9115
/Users/raghu/RND/raghu/IMG/robocam_2017_06_05_22_06_03_136.jpg,0,0,0,2.35022,105.6308,95.0799,359.54,61.66177,359.9219
/Users/raghu/RND/raghu/IMG/robocam_2017_06_05_22_06_03_187.jpg,0,0,0,2.342231,105.6753,95.16238,359.5381,61.6618,359.9291
/Users/raghu/RND/raghu/IMG/robocam_2017_06_05_22_06_03_239.jpg,0,0,0,2.336582,105.7417,95.286,359.5474,61.6666,359.9545
/Users/raghu/RND/raghu/IMG/robocam_2017_06_05_22_06_03_288.jpg,0,0,0,2.328632,105.786,95.3681,359.5513,61.66721,359.9682
/Users/raghu/RND/raghu/IMG/robocam_2017_06_05_22_06_03_337.jpg,0,0,0,2.323354,105.8522,95.49085,359.5544,61.6674,359.9873
/Users/raghu/RND/raghu/IMG/robocam_2017_06_05_22_06_03_387.jpg,0,0,0,2.315463,105.8962,95.57242,359.5546,61.66741,-0.0007445196
/Users/raghu/RND/raghu/IMG/robocam_2017_06_05_22_06_03_440.jpg,0,0,0,2.310215,105.9621,95.69441,359.5579,61.66455,0.009226066
/Users/raghu/RND/raghu/IMG/robocam_2017_06_05_22_06_03_487.jpg,0,0,0,2.301996,106.006,95.77557,359.5647,61.6624,0.01092344
/Users/raghu/RND/raghu/IMG/robocam_2017_06_05_22_06_03_537.jpg,0,0,0,2.296781,106.0715,95.89697,359.5715,61.66161,0.01491327
/Users/raghu/RND/raghu/IMG/robocam_2017_06_05_22_06_03_587.jpg,0,0,0,2.288986,106.115,95.97763,359.5739,61.6615,0.01735679
/Users/raghu/RND/raghu/IMG/robocam_2017_06_05_22_06_03_637.jpg,0,0,0,2.283805,106.1802,96.09827,359.5796,61.65867,0.01406537
/Users/raghu/RND/raghu/IMG/robocam_2017_06_05_22_06_03_687.jpg,0,0,0,2.275743,106.2235,96.1785,359.5864,61.65681,0.008600947
/Users/raghu/RND/raghu/IMG/robocam_2017_06_05_22_06_03_737.jpg,0,0,0,2.273166,106.2883,96.29851,359.5927,61.65617,0.002462812
/Users/raghu/RND/raghu/IMG/robocam_2017_06_05_22_06_03_787.jpg,0,0,0,2.262896,106.3313,96.37824,359.5946,61.65608,-0.001220633
/Users/raghu/RND/raghu/IMG/robocam_2017_06_05_22_06_03_838.jpg,0,0,0,2.257779,106.3956,96.49747,359.594,61.65605,359.9937
/Users/raghu/RND/raghu/IMG/robocam_2017_06_05_22_06_03_887.jpg,0,0,0,2.249835,106.4383,96.5769,359.6011,61.65997,0.0007888192
/Users/raghu/RND/raghu/IMG/robocam_2017_06_05_22_06_03_938.jpg,0,0,0,2.244739,106.5022,96.69553,359.6061,61.6611,0.005168147
/Users/raghu/RND/raghu/IMG/robocam_2017_06_05_22_06_03_986.jpg,0,0,0,2.237131,106.5447,96.77435,359.607,61.66125,0.007504386
/Users/raghu/RND/raghu/IMG/robocam_2017_06_05_22_06_04_038.jpg,0,0,0,2.231959,106.6085,96.89224,359.613,61.65797,0.00185123
/Users/raghu/RND/raghu/IMG/robocam_2017_06_05_22_06_04_087.jpg,0,0,0,2.224233,106.6508,96.97063,359.6169,61.6571,-0.001971014
/Users/raghu/RND/raghu/IMG/robocam_2017_06_05_22_06_04_137.jpg,0,0,0,2.219207,106.714,97.08786,359.6188,61.65678,359.9933
/Users/raghu/RND/raghu/IMG/robocam_2017_06_05_22_06_04_187.jpg,-1.502504,0,0,2.211661,106.7561,97.1657,359.6177,61.64172,359.9879
/Users/raghu/RND/raghu/IMG/robocam_2017_06_05_22_06_04_237.jpg,-3.753674,0,0,2.205888,106.8205,97.28146,359.6253,61.38178,359.9537
/Users/raghu/RND/raghu/IMG/robocam_2017_06_05_22_06_04_287.jpg,-2.959201,0,0,2.197533,106.8643,97.35787,359.6319,61.07338,359.9124
/Users/raghu/RND/raghu/IMG/robocam_2017_06_05_22_06_04_338.jpg,-1.469204,0,0,2.194961,106.9295,97.47239,359.6441,60.76906,359.8711
/Users/raghu/RND/raghu/IMG/robocam_2017_06_05_22_06_04_387.jpg,0,0,0,2.185176,106.9724,97.54869,359.6489,60.70404,359.8585
/Users/raghu/RND/raghu/IMG/robocam_2017_06_05_22_06_04_438.jpg,0,0,0,2.180008,107.0364,97.66303,359.6622,60.68487,359.8573
/Users/raghu/RND/raghu/IMG/robocam_2017_06_05_22_06_04_486.jpg,0,0,0,2.172634,107.079,97.73895,359.6672,60.68216,359.8561
/Users/raghu/RND/raghu/IMG/robocam_2017_06_05_22_06_04_539.jpg,0,0,0,2.167739,107.1426,97.85242,359.6697,60.68118,359.8565
/Users/raghu/RND/raghu/IMG/robocam_2017_06_05_22_06_04_587.jpg,0,0,0,2.160204,107.1849,97.92795,359.6752,60.68394,359.8659
/Users/raghu/RND/raghu/IMG/robocam_2017_06_05_22_06_04_637.jpg,0,0,0,2.155332,107.2482,98.04076,359.6779,60.68472,359.8777
/Users/raghu/RND/raghu/IMG/robocam_2017_06_05_22_06_04_687.jpg,0,0,0,2.148053,107.2903,98.11571,359.6765,60.6848,359.886
/Users/raghu/RND/raghu/IMG/robocam_2017_06_05_22_06_04_737.jpg,0,0,0,2.143213,107.3532,98.22775,359.6702,60.6848,359.8995
/Users/raghu/RND/raghu/IMG/robocam_2017_06_05_22_06_04_787.jpg,0,0,0,2.127211,107.3948,98.30202,359.6625,60.68788,359.9169
/Users/raghu/RND/raghu/IMG/robocam_2017_06_05_22_06_04_837.jpg,0,0,0.05034292,2.121238,107.4568,98.41256,359.6369,60.68868,359.938
/Users/raghu/RND/raghu/IMG/robocam_2017_06_05_22_06_04_887.jpg,0,0,0.2011439,2.096123,107.4976,98.48545,359.6063,60.6913,359.9573
/Users/raghu/RND/raghu/IMG/robocam_2017_06_05_22_06_04_938.jpg,0,0,0.350775,2.057058,107.557,98.59117,359.4841,60.69376,359.9867
/Users/raghu/RND/raghu/IMG/robocam_2017_06_05_22_06_04_987.jpg,0,0,0.5005049,1.97206,107.5946,98.65838,359.3434,60.69557,0.007728453
/Users/raghu/RND/raghu/IMG/robocam_2017_06_05_22_06_05_038.jpg,0,0,0.6507239,1.892485,107.6478,98.75206,359.013,60.68211,-0.001880715
/Users/raghu/RND/raghu/IMG/robocam_2017_06_05_22_06_05_087.jpg,0,0,0.8007569,1.753597,107.6796,98.80956,358.7098,60.68889,0.02064102
/Users/raghu/RND/raghu/IMG/robocam_2017_06_05_22_06_05_137.jpg,0,0,0.9507599,1.682901,107.7271,98.89229,358.3769,60.70111,359.9834
/Users/raghu/RND/raghu/IMG/robocam_2017_06_05_22_06_05_187.jpg,0,0,1,1.576297,107.7571,98.9464,358.2774,60.69175,0.0004950122
/Users/raghu/RND/raghu/IMG/robocam_2017_06_05_22_06_05_237.jpg,0,0,1,1.498648,107.8013,99.02476,358.3107,60.70152,359.994
/Users/raghu/RND/raghu/IMG/robocam_2017_06_05_22_06_05_287.jpg,0,0,1,1.369998,107.8298,99.07526,358.4338,60.70584,359.994
/Users/raghu/RND/raghu/IMG/robocam_2017_06_05_22_06_05_337.jpg,0,0,1,1.292911,107.8709,99.14847,358.7702,60.71464,-0.001460129
/Users/raghu/RND/raghu/IMG/robocam_2017_06_05_22_06_05_387.jpg,0,0,1,1.087883,107.8937,99.1889,358.8622,60.71532,0.002722474
/Users/raghu/RND/raghu/IMG/robocam_2017_06_05_22_06_05_438.jpg,0,0,0,0.9155191,107.9199,99.23515,358.7016,60.7066,-0.003141893
/Users/raghu/RND/raghu/IMG/robocam_2017_06_05_22_06_05_487.jpg,0,0,0,0.8897178,107.9373,99.26588,358.6824,60.7049,-0.004109926
/Users/raghu/RND/raghu/IMG/robocam_2017_06_05_22_06_05_537.jpg,0,0,0,0.8837539,107.9646,99.31409,358.8153,60.70956,0.004632605
/Users/raghu/RND/raghu/IMG/robocam_2017_06_05_22_06_05_587.jpg,0,0,0,0.8780559,107.9831,99.3467,358.9521,60.70431,0.002710998
/Users/raghu/RND/raghu/IMG/robocam_2017_06_05_22_06_05_638.jpg,0,0,0,0.8758917,108.0105,99.3955,359.1479,60.70427,0.01436323
/Users/raghu/RND/raghu/IMG/robocam_2017_06_05_22_06_05_687.jpg,0,0,0,0.8727455,108.0287,99.42792,359.2769,60.7043,0.02144845
/Users/raghu/RND/raghu/IMG/robocam_2017_06_05_22_06_05_738.jpg,-0.7576194,0,0,0.870701,108.056,99.47628,359.464,60.69263,0.0289053
/Users/raghu/RND/raghu/IMG/robocam_2017_06_05_22_06_05_787.jpg,-2.981294,0,0,0.867552,108.0744,99.50813,359.5822,60.62255,0.02349666
/Users/raghu/RND/raghu/IMG/robocam_2017_06_05_22_06_05_838.jpg,-5.257258,0,0,0.865106,108.1028,99.55498,359.7457,60.3522,359.9906
/Users/raghu/RND/raghu/IMG/robocam_2017_06_05_22_06_05_887.jpg,-7.507798,0,0,0.8613996,108.1221,99.5856,359.8439,60.08578,359.9564
/Users/raghu/RND/raghu/IMG/robocam_2017_06_05_22_06_05_938.jpg,-9.74457,0,0,0.858342,108.1519,99.63036,359.972,59.526,359.8819
/Users/raghu/RND/raghu/IMG/robocam_2017_06_05_22_06_05_987.jpg,-12.01104,0,0,0.8538424,108.1723,99.65945,0.0440617,59.07263,359.8211
/Users/raghu/RND/raghu/IMG/robocam_2017_06_05_22_06_06_038.jpg,-14.29591,0,0,0.8499398,108.2036,99.70164,0.1296051,58.24342,359.709
/Users/raghu/RND/raghu/IMG/robocam_2017_06_05_22_06_06_086.jpg,-15,0,0,0.8446784,108.2249,99.72894,0.172291,57.62941,359.6269
/Users/raghu/RND/raghu/IMG/robocam_2017_06_05_22_06_06_138.jpg,-15,0,0,0.8421738,108.2566,99.7688,0.1934939,56.71777,359.5293
/Users/raghu/RND/raghu/IMG/robocam_2017_06_05_22_06_06_187.jpg,-15,0,0,0.8384151,108.2778,99.79472,0.1903036,56.1169,359.4693
/Users/raghu/RND/raghu/IMG/robocam_2017_06_05_22_06_06_239.jpg,-15,0,0,0.8358854,108.3099,99.83271,0.1645032,55.22586,359.388
/Users/raghu/RND/raghu/IMG/robocam_2017_06_05_22_06_06_288.jpg,-15,0,0,0.8320784,108.3313,99.8575,0.1359211,54.63784,359.3391
/Users/raghu/RND/raghu/IMG/robocam_2017_06_05_22_06_06_338.jpg,-15,0,0,0.8295303,108.3637,99.89393,0.08006398,53.76346,359.2729
/Users/raghu/RND/raghu/IMG/robocam_2017_06_05_22_06_06_387.jpg,-15,0,0,0.8256935,108.3854,99.91774,0.03637111,53.18494,359.2333
/Users/raghu/RND/raghu/IMG/robocam_2017_06_05_22_06_06_438.jpg,-15,0,0,0.8231271,108.4182,99.95296,359.9718,52.32543,359.1864
/Users/raghu/RND/raghu/IMG/robocam_2017_06_05_22_06_06_488.jpg,-15,0,0,0.8189879,108.4403,99.9762,359.9382,51.75459,359.165
/Users/raghu/RND/raghu/IMG/robocam_2017_06_05_22_06_06_538.jpg,-15,0,0,0.816207,108.474,100.0105,359.8947,50.8967,359.1405
/Users/raghu/RND/raghu/IMG/robocam_2017_06_05_22_06_06_587.jpg,-15,0,0,0.8120449,108.4966,100.033,359.8727,50.32593,359.1328
/Users/raghu/RND/raghu/IMG/robocam_2017_06_05_22_06_06_638.jpg,-15,0,0,0.8093876,108.531,100.0664,359.848,49.47108,359.1316
/Users/raghu/RND/raghu/IMG/robocam_2017_06_05_22_06_06_687.jpg,-15,0,0,0.8055401,108.5542,100.0883,359.8343,48.90053,359.134
/Users/raghu/RND/raghu/IMG/robocam_2017_06_05_22_06_06_737.jpg,-15,0,0,0.8029848,108.5893,100.1205,359.8173,48.04462,359.1424
/Users/raghu/RND/raghu/IMG/robocam_2017_06_05_22_06_06_787.jpg,-15,0,0,0.7991828,108.6129,100.1416,359.8094,47.47537,359.1527
/Users/raghu/RND/raghu/IMG/robocam_2017_06_05_22_06_06_837.jpg,-15,0,0,0.7967191,108.6486,100.1728,359.8012,46.62335,359.1734
/Users/raghu/RND/raghu/IMG/robocam_2017_06_05_22_06_06_887.jpg,-15,0,0,0.7931024,108.6726,100.1932,359.7967,46.05592,359.1888
/Users/raghu/RND/raghu/IMG/robocam_2017_06_05_22_06_06_937.jpg,-15,0,0,0.7906973,108.7089,100.2232,359.7913,45.2062,359.2139
/Users/raghu/RND/raghu/IMG/robocam_2017_06_05_22_06_06_986.jpg,-15,0,0,0.7871028,108.7332,100.2429,359.7889,44.64132,359.2325
/Users/raghu/RND/raghu/IMG/robocam_2017_06_05_22_06_07_037.jpg,-15,0,0,0.7847947,108.77,100.2718,359.7854,43.79654,359.2611
/Users/raghu/RND/raghu/IMG/robocam_2017_06_05_22_06_07_087.jpg,-15,0,0,0.7812327,108.7947,100.2907,359.784,43.23497,359.2812
/Users/raghu/RND/raghu/IMG/robocam_2017_06_05_22_06_07_137.jpg,-15,0,0,0.7789402,108.8319,100.3185,359.7816,42.39498,359.3109
/Users/raghu/RND/raghu/IMG/robocam_2017_06_05_22_06_07_187.jpg,-15,0,0,0.7754586,108.8568,100.3366,359.7804,41.83709,359.3309
/Users/raghu/RND/raghu/IMG/robocam_2017_06_05_22_06_07_237.jpg,-15,0,0,0.7731295,108.8945,100.3633,359.7786,41.00233,359.3598
/Users/raghu/RND/raghu/IMG/robocam_2017_06_05_22_06_07_287.jpg,-15,0,0,0.7696583,108.9197,100.3807,359.7768,40.44687,359.3773
/Users/raghu/RND/raghu/IMG/robocam_2017_06_05_22_06_07_337.jpg,-15,0,0,0.7673265,108.9577,100.4063,359.7755,39.61718,359.4039
/Users/raghu/RND/raghu/IMG/robocam_2017_06_05_22_06_07_387.jpg,-15,0,0,0.7638643,108.9831,100.423,359.7754,39.06605,359.4214
/Users/raghu/RND/raghu/IMG/robocam_2017_06_05_22_06_07_438.jpg,-15,0,0,0.7615899,109.0215,100.4474,359.7747,38.24134,359.4448
/Users/raghu/RND/raghu/IMG/robocam_2017_06_05_22_06_07_487.jpg,-15,0,0,0.7581342,109.0472,100.4634,359.7746,37.69349,359.4595
/Users/raghu/RND/raghu/IMG/robocam_2017_06_05_22_06_07_538.jpg,-15,0,0,0.7558224,109.0858,100.4868,359.7746,36.87379,359.4792
/Users/raghu/RND/raghu/IMG/robocam_2017_06_05_22_06_07_587.jpg,-15,0,0,0.7523727,109.1117,100.502,359.7742,36.32847,359.4902
/Users/raghu/RND/raghu/IMG/robocam_2017_06_05_22_06_07_638.jpg,-15,0,0,0.7500538,109.1506,100.5243,359.775,35.51385,359.506
/Users/raghu/RND/raghu/IMG/robocam_2017_06_05_22_06_07_687.jpg,-15,0,0,0.7466097,109.1766,100.5388,359.7762,34.97276,359.5159
/Users/raghu/RND/raghu/IMG/robocam_2017_06_05_22_06_07_738.jpg,-15,0,0,0.7443478,109.2158,100.56,359.7778,34.16325,359.528
/Users/raghu/RND/raghu/IMG/robocam_2017_06_05_22_06_07_788.jpg,-15,0,0,0.7409111,109.242,100.5738,359.7793,33.6256,359.5351
/Users/raghu/RND/raghu/IMG/robocam_2017_06_05_22_06_07_838.jpg,-15,0,0,0.7386118,109.2814,100.5939,359.7818,32.82132,359.5437
/Users/raghu/RND/raghu/IMG/robocam_2017_06_05_22_06_07_888.jpg,-15,0,0,0.7351837,109.3077,100.6069,359.7829,32.28625,359.5473
/Users/raghu/RND/raghu/IMG/robocam_2017_06_05_22_06_07_938.jpg,-15,0,0,0.7328794,109.3472,100.626,359.786,31.48722,359.5528
/Users/raghu/RND/raghu/IMG/robocam_2017_06_05_22_06_07_986.jpg,-15,0,0,0.7294624,109.3736,100.6384,359.7889,30.95665,359.5563
/Users/raghu/RND/raghu/IMG/robocam_2017_06_05_22_06_08_037.jpg,-15,0,0,0.7283479,109.4133,100.6564,359.7927,30.16299,359.5593
/Users/raghu/RND/raghu/IMG/robocam_2017_06_05_22_06_08_087.jpg,-15,0,0,0.7237659,109.4398,100.6681,359.7959,29.63552,359.561
/Users/raghu/RND/raghu/IMG/robocam_2017_06_05_22_06_08_138.jpg,-15,0,0,0.7215422,109.4796,100.6851,359.8002,28.84684,359.562
/Users/raghu/RND/raghu/IMG/robocam_2017_06_05_22_06_08_187.jpg,-15,0,0,0.7181653,109.5061,100.696,359.8033,28.32332,359.5626
/Users/raghu/RND/raghu/IMG/robocam_2017_06_05_22_06_08_238.jpg,-15,0,0,0.7158945,109.546,100.7119,359.8079,27.53992,359.5622
/Users/raghu/RND/raghu/IMG/robocam_2017_06_05_22_06_08_287.jpg,-15,0,0,0.7125406,109.5726,100.7222,359.8111,27.01988,359.562
/Users/raghu/RND/raghu/IMG/robocam_2017_06_05_22_06_08_338.jpg,-15,0,0,0.7102879,109.6125,100.7371,359.8156,26.24192,359.5608
/Users/raghu/RND/raghu/IMG/robocam_2017_06_05_22_06_08_387.jpg,-15,0,0,0.7069591,109.6391,100.7467,359.8186,25.72559,359.5602
/Users/raghu/RND/raghu/IMG/robocam_2017_06_05_22_06_08_438.jpg,-15,0,0,0.7047229,109.679,100.7606,359.8228,24.95319,359.5586
/Users/raghu/RND/raghu/IMG/robocam_2017_06_05_22_06_08_487.jpg,-15,0,0,0.7014177,109.7056,100.7695,359.8255,24.44061,359.558
/Users/raghu/RND/raghu/IMG/robocam_2017_06_05_22_06_08_538.jpg,-15,0,0,0.699198,109.7455,100.7824,359.829,23.6739,359.5564
/Users/raghu/RND/raghu/IMG/robocam_2017_06_05_22_06_08_587.jpg,-15,0,0,0.6959167,109.7721,100.7906,359.8314,23.16512,359.556
/Users/raghu/RND/raghu/IMG/robocam_2017_06_05_22_06_08_637.jpg,-15,0,0,0.6937133,109.8119,100.8025,359.8343,22.40408,359.5548
/Users/raghu/RND/raghu/IMG/robocam_2017_06_05_22_06_08_687.jpg,-15,0,0,0.6904085,109.8384,100.8101,359.8363,21.8986,359.5545
/Users/raghu/RND/raghu/IMG/robocam_2017_06_05_22_06_08_738.jpg,-15,0,0,0.6882789,109.8782,100.821,359.8383,21.14335,359.554
/Users/raghu/RND/raghu/IMG/robocam_2017_06_05_22_06_08_788.jpg,-15,0,0,0.6849948,109.9047,100.828,359.8398,20.64177,359.5542
/Users/raghu/RND/raghu/IMG/robocam_2017_06_05_22_06_08_838.jpg,-15,0,0,0.6828341,109.9443,100.8379,359.841,19.89169,359.5541
/Users/raghu/RND/raghu/IMG/robocam_2017_06_05_22_06_08_888.jpg,-15,0,0,0.6796288,109.9707,100.8442,359.842,19.3941,359.5551
/Users/raghu/RND/raghu/IMG/robocam_2017_06_05_22_06_08_938.jpg,-15,0,0,0.6774789,110.0103,100.8533,359.8433,18.65031,359.557
/Users/raghu/RND/raghu/IMG/robocam_2017_06_05_22_06_08_987.jpg,-15,0,0,0.6743,110.0366,100.8589,359.843,18.15545,359.5571
/Users/raghu/RND/raghu/IMG/robocam_2017_06_05_22_06_09_037.jpg,-15,0,0,0.6721687,110.076,100.867,359.8437,17.41752,359.5602
/Users/raghu/RND/raghu/IMG/robocam_2017_06_05_22_06_09_087.jpg,-15,0,0,0.6690006,110.1022,100.8721,359.8437,16.92687,359.5619
/Users/raghu/RND/raghu/IMG/robocam_2017_06_05_22_06_09_138.jpg,-15,0,0,0.6668943,110.1415,100.8793,359.8431,16.19366,359.5646
/Users/raghu/RND/raghu/IMG/robocam_2017_06_05_22_06_09_187.jpg,-15,0,0,0.6637501,110.1676,100.8838,359.8427,15.70676,359.5668
/Users/raghu/RND/raghu/IMG/robocam_2017_06_05_22_06_09_238.jpg,-15,0,0,0.6616477,110.2067,100.89,359.8418,14.97852,359.57
/Users/raghu/RND/raghu/IMG/robocam_2017_06_05_22_06_09_287.jpg,-15,0,0,0.6585373,110.2327,100.8939,359.8411,14.49532,359.5728
/Users/raghu/RND/raghu/IMG/robocam_2017_06_05_22_06_09_337.jpg,-15,0,0,0.6564481,110.2715,100.8993,359.8398,13.77255,359.5765
/Users/raghu/RND/raghu/IMG/robocam_2017_06_05_22_06_09_388.jpg,-15,0,0,0.6533122,110.2974,100.9026,359.8391,13.29246,359.5794
/Users/raghu/RND/raghu/IMG/robocam_2017_06_05_22_06_09_437.jpg,-15,0,0,0.6512845,110.3361,100.9072,359.8374,12.57503,359.5836
/Users/raghu/RND/raghu/IMG/robocam_2017_06_05_22_06_09_487.jpg,-12.75184,0,0,0.6488397,110.3618,100.9101,359.8374,12.12564,359.591
/Users/raghu/RND/raghu/IMG/robocam_2017_06_05_22_06_09_538.jpg,-10.53379,0,0,0.6479201,110.4003,100.9149,359.8383,11.56737,359.6164
/Users/raghu/RND/raghu/IMG/robocam_2017_06_05_22_06_09_588.jpg,-8.271421,0,0,0.6462286,110.4259,100.9182,359.8394,11.25663,359.6404
/Users/raghu/RND/raghu/IMG/robocam_2017_06_05_22_06_09_637.jpg,-6.031321,0,0,0.6451387,110.4641,100.9237,359.8419,10.91132,359.6911
/Users/raghu/RND/raghu/IMG/robocam_2017_06_05_22_06_09_687.jpg,-3.778576,0,0,0.6432039,110.4896,100.9276,359.8438,10.74403,359.7316
/Users/raghu/RND/raghu/IMG/robocam_2017_06_05_22_06_09_737.jpg,-1.5576,0,0,0.6417337,110.5275,100.934,359.8466,10.61636,359.8062
/Users/raghu/RND/raghu/IMG/robocam_2017_06_05_22_06_09_788.jpg,0,0,0,0.6393411,110.5527,100.9386,359.8482,10.59418,359.8616
/Users/raghu/RND/raghu/IMG/robocam_2017_06_05_22_06_09_837.jpg,0,0,0,0.6378351,110.5904,100.9455,359.8505,10.59231,359.9437
/Users/raghu/RND/raghu/IMG/robocam_2017_06_05_22_06_09_888.jpg,0,0,0,0.6355965,110.6154,100.9501,359.8518,10.59232,-0.004868053
/Users/raghu/RND/raghu/IMG/robocam_2017_06_05_22_06_09_937.jpg,0,0,0,0.6341045,110.6528,100.9571,359.8537,10.59239,0.06638526
/Users/raghu/RND/raghu/IMG/robocam_2017_06_05_22_06_09_988.jpg,0,0,0,0.6318709,110.6777,100.9617,359.8548,10.59246,0.1096397
/Users/raghu/RND/raghu/IMG/robocam_2017_06_05_22_06_10_038.jpg,0,0,0,0.6303868,110.7149,100.9685,359.8563,10.59256,0.1676759
/Users/raghu/RND/raghu/IMG/robocam_2017_06_05_22_06_10_086.jpg,0,0,0,0.6281709,110.7396,100.9731,359.8571,10.59263,0.2016102
/Users/raghu/RND/raghu/IMG/robocam_2017_06_05_22_06_10_137.jpg,0,0,0,0.6267019,110.7766,100.9799,359.8599,10.59177,0.2429798
/Users/raghu/RND/raghu/IMG/robocam_2017_06_05_22_06_10_187.jpg,0,0,0,0.6244067,110.8013,100.9844,359.8645,10.59097,0.2634103
/Users/raghu/RND/raghu/IMG/robocam_2017_06_05_22_06_10_237.jpg,0,0,0,0.6229076,110.8382,100.9913,359.8732,10.59036,0.2859705
/Users/raghu/RND/raghu/IMG/robocam_2017_06_05_22_06_10_287.jpg,0,0,0,0.6207253,110.8627,100.9958,359.8794,10.58994,0.2956429
/Users/raghu/RND/raghu/IMG/robocam_2017_06_05_22_06_10_337.jpg,0,0,0,0.6192837,110.8994,101.0026,359.8884,10.58962,0.3035302
/Users/raghu/RND/raghu/IMG/robocam_2017_06_05_22_06_10_387.jpg,0,0,0,0.6171577,110.9238,101.0071,359.8938,10.58961,0.3047406
/Users/raghu/RND/raghu/IMG/robocam_2017_06_05_22_06_10_437.jpg,0,0,0,0.6157675,110.9602,101.0139,359.9001,10.5897,0.3012745
/Users/raghu/RND/raghu/IMG/robocam_2017_06_05_22_06_10_487.jpg,0,0,0,0.6136826,110.9844,101.0184,359.9037,10.58958,0.2951842
/Users/raghu/RND/raghu/IMG/robocam_2017_06_05_22_06_10_537.jpg,0,0,0,0.6123077,111.0206,101.0251,359.9074,10.58965,0.281981
/Users/raghu/RND/raghu/IMG/robocam_2017_06_05_22_06_10_587.jpg,0,0,0,0.6102533,111.0446,101.0296,359.9088,10.58971,0.270606
/Users/raghu/RND/raghu/IMG/robocam_2017_06_05_22_06_10_637.jpg,0,0,0,0.608888,111.0806,101.0363,359.9093,10.58977,0.2502482
/Users/raghu/RND/raghu/IMG/robocam_2017_06_05_22_06_10_687.jpg,0,0,0,0.6068448,111.1044,101.0408,359.9088,10.58981,0.2348142
/Users/raghu/RND/raghu/IMG/robocam_2017_06_05_22_06_10_737.jpg,0,0,0,0.6054851,111.1401,101.0474,359.9068,10.58987,0.2094436
/Users/raghu/RND/raghu/IMG/robocam_2017_06_05_22_06_10_787.jpg,0,0,0,0.603448,111.1638,101.0518,359.9048,10.5899,0.1913791
/Users/raghu/RND/raghu/IMG/robocam_2017_06_05_22_06_10_837.jpg,0,0,0,0.6020913,111.1992,101.0585,359.9009,10.58994,0.1631044
/Users/raghu/RND/raghu/IMG/robocam_2017_06_05_22_06_10_887.jpg,0,0,0,0.6000572,111.2228,101.0629,359.8979,10.58996,0.1437753
/Users/raghu/RND/raghu/IMG/robocam_2017_06_05_22_06_10_937.jpg,0,0,0,0.5987019,111.258,101.0695,359.8929,10.58999,0.1145588
/Users/raghu/RND/raghu/IMG/robocam_2017_06_05_22_06_10_987.jpg,0,0,0,0.5966697,111.2814,101.0739,359.8893,10.59,0.0952024
/Users/raghu/RND/raghu/IMG/robocam_2017_06_05_22_06_11_037.jpg,0,0,0,0.5953156,111.3164,101.0804,359.8838,10.59,0.0667738
/Users/raghu/RND/raghu/IMG/robocam_2017_06_05_22_06_11_087.jpg,0,0,0,0.593286,111.3397,101.0848,359.8801,10.59,0.04844892
/Users/raghu/RND/raghu/IMG/robocam_2017_06_05_22_06_11_137.jpg,0,0,0,0.5919341,111.3745,101.0913,359.8746,10.58998,0.02224598
/Users/raghu/RND/raghu/IMG/robocam_2017_06_05_22_06_11_187.jpg,0,0,0,0.5899087,111.3976,101.0957,359.8711,10.58997,0.005804842
/Users/raghu/RND/raghu/IMG/robocam_2017_06_05_22_06_11_240.jpg,0,0,0,0.5885604,111.4323,101.1022,359.8661,10.58994,359.9829
/Users/raghu/RND/raghu/IMG/robocam_2017_06_05_22_06_11_288.jpg,0,0,0,0.5865415,111.4553,101.1065,359.8631,10.58994,359.969
/Users/raghu/RND/raghu/IMG/robocam_2017_06_05_22_06_11_338.jpg,0,0.149502,0,0.5799655,111.4888,101.1128,359.8366,10.491,359.95
/Users/raghu/RND/raghu/IMG/robocam_2017_06_05_22_06_11_387.jpg,0,0.30036,0,0.5839622,111.5114,101.117,359.8276,10.41951,359.938
/Users/raghu/RND/raghu/IMG/robocam_2017_06_05_22_06_11_438.jpg,0,0.4499729,0,0.5936775,111.547,101.1235,359.8564,10.25494,359.9209
/Users/raghu/RND/raghu/IMG/robocam_2017_06_05_22_06_11_487.jpg,0,0.59991,0,0.6235597,111.5722,101.1281,359.9062,10.14599,359.9103
/Users/raghu/RND/raghu/IMG/robocam_2017_06_05_22_06_11_538.jpg,0,0.748656,0,0.6545387,111.6129,101.1354,0.04654567,9.972778,359.8958
/Users/raghu/RND/raghu/IMG/robocam_2017_06_05_22_06_11_587.jpg,0,0.8998829,0,0.6958905,111.6426,101.1406,0.1895477,9.926872,359.887
/Users/raghu/RND/raghu/IMG/robocam_2017_06_05_22_06_11_638.jpg,0,1,0,0.7242608,111.6893,101.1492,0.4161797,10.03455,359.904
/Users/raghu/RND/raghu/IMG/robocam_2017_06_05_22_06_11_687.jpg,0,1,0,0.7650664,111.722,101.1551,0.5797299,9.992775,359.9255
/Users/raghu/RND/raghu/IMG/robocam_2017_06_05_22_06_11_738.jpg,0,1,0,0.7981871,111.7734,101.1645,0.8392129,9.986778,359.9708
/Users/raghu/RND/raghu/IMG/robocam_2017_06_05_22_06_11_787.jpg,0,1,0,0.8431299,111.8093,101.1708,1.020051,10.06035,-0.001126733
/Users/raghu/RND/raghu/IMG/robocam_2017_06_05_22_06_11_838.jpg,0,1,0,0.8852973,111.8658,101.1803,1.284601,10.08628,-0.001385169
/Users/raghu/RND/raghu/IMG/robocam_2017_06_05_22_06_11_888.jpg,0,1,0,0.9178304,111.9031,101.1867,1.357969,10.08765,-0.00324744
/Users/raghu/RND/raghu/IMG/robocam_2017_06_05_22_06_11_938.jpg,0,1,0,0.9500566,111.9577,101.1961,1.232537,10.07144,-0.001339828
/Users/raghu/RND/raghu/IMG/robocam_2017_06_05_22_06_11_988.jpg,0,1,0,1.016703,111.9959,101.2027,1.155967,10.06849,-0.0003004827
/Users/raghu/RND/raghu/IMG/robocam_2017_06_05_22_06_12_037.jpg,0,1,0,1.055457,112.0571,101.2133,1.107225,10.07011,-0.000627961
/Users/raghu/RND/raghu/IMG/robocam_2017_06_05_22_06_12_088.jpg,0,1,0,1.093183,112.1001,101.2208,1.110861,10.06365,-0.0001309721
/Users/raghu/RND/raghu/IMG/robocam_2017_06_05_22_06_12_138.jpg,0,1,0,1.123226,112.1678,101.2326,1.15998,10.06139,-0.0005121557
/Users/raghu/RND/raghu/IMG/robocam_2017_06_05_22_06_12_188.jpg,0,1,0,1.18033,112.2148,101.2407,1.211545,10.05724,-0.0005407197
/Users/raghu/RND/raghu/IMG/robocam_2017_06_05_22_06_12_238.jpg,0,1,0,1.206139,112.2872,101.2533,1.274655,10.0491,-0.001007062
/Users/raghu/RND/raghu/IMG/robocam_2017_06_05_22_06_12_288.jpg,0,1,0,1.252968,112.3365,101.2618,1.278731,10.04415,-0.001554522
/Users/raghu/RND/raghu/IMG/robocam_2017_06_05_22_06_12_337.jpg,0,1,0,1.284376,112.4118,101.2749,1.242487,10.03735,-0.0009775872
/Users/raghu/RND/raghu/IMG/robocam_2017_06_05_22_06_12_387.jpg,0,1,0,1.335724,112.4641,101.2839,1.235362,10.03176,-0.0008640597
/Users/raghu/RND/raghu/IMG/robocam_2017_06_05_22_06_12_437.jpg,0,1,0,1.365792,112.545,101.2979,1.239663,10.01907,-0.0008058841
/Users/raghu/RND/raghu/IMG/robocam_2017_06_05_22_06_12_488.jpg,0,1,0,1.413093,112.6005,101.3075,1.242582,10.00549,-0.0008177339
/Users/raghu/RND/raghu/IMG/robocam_2017_06_05_22_06_12_538.jpg,0,1,0,1.443189,112.6859,101.3222,1.24551,9.990463,-0.0008584054
/Users/raghu/RND/raghu/IMG/robocam_2017_06_05_22_06_12_587.jpg,0,1,0,1.491346,112.7445,101.3323,1.249297,9.980743,-0.0009077238
/Users/raghu/RND/raghu/IMG/robocam_2017_06_05_22_06_12_638.jpg,0,1,0,1.521556,112.8346,101.3478,1.252542,9.969559,-0.0009382546
/Users/raghu/RND/raghu/IMG/robocam_2017_06_05_22_06_12_688.jpg,0,1,0,1.569075,112.8962,101.3584,1.255599,9.961571,-0.000954161
/Users/raghu/RND/raghu/IMG/robocam_2017_06_05_22_06_12_738.jpg,0,1,0,1.599977,112.9909,101.3747,1.259789,9.951546,-0.0009958474
/Users/raghu/RND/raghu/IMG/robocam_2017_06_05_22_06_12_787.jpg,0,1,0,1.645458,113.0556,101.3857,1.263288,9.944061,-0.001011007
/Users/raghu/RND/raghu/IMG/robocam_2017_06_05_22_06_12_838.jpg,0,1,0,1.677114,113.1548,101.4027,1.266382,9.931679,-0.0009986254
/Users/raghu/RND/raghu/IMG/robocam_2017_06_05_22_06_12_888.jpg,0,1,0,1.722983,113.2225,101.4143,1.269435,9.924675,-0.001013038
/Users/raghu/RND/raghu/IMG/robocam_2017_06_05_22_06_12_938.jpg,0,1,0,1.75357,113.3264,101.4321,1.275462,9.9133,-0.001041862
/Users/raghu/RND/raghu/IMG/robocam_2017_06_05_22_06_12_989.jpg,0,1,0,1.783249,113.4329,101.4502,1.27651,9.903259,-0.001036151
/Users/raghu/RND/raghu/IMG/robocam_2017_06_05_22_06_13_038.jpg,0,1,0,1.829633,113.5054,101.4626,1.282375,9.894966,-0.001061293
/Users/raghu/RND/raghu/IMG/robocam_2017_06_05_22_06_13_087.jpg,0,1,0,1.875045,113.5791,101.4752,1.285631,9.888268,-0.001068127
/Users/raghu/RND/raghu/IMG/robocam_2017_06_05_22_06_13_138.jpg,0,1,0,1.905326,113.6919,101.4944,1.289362,9.876877,-0.001091399
/Users/raghu/RND/raghu/IMG/robocam_2017_06_05_22_06_13_188.jpg,0,1,0,1.950484,113.7686,101.5074,1.290437,9.869888,-0.00109615
/Users/raghu/RND/raghu/IMG/robocam_2017_06_05_22_06_13_237.jpg,0,1,0,1.979771,113.8858,101.5273,1.293512,9.858681,-0.001111096
/Users/raghu/RND/raghu/IMG/robocam_2017_06_05_22_06_13_287.jpg,0,1,0,2.02522,113.9655,101.5408,1.298685,9.850586,-0.001139333
/Users/raghu/RND/raghu/IMG/robocam_2017_06_05_22_06_13_338.jpg,0,1,0,2.055181,114.0872,101.5614,1.302293,9.839691,-0.001152839
/Users/raghu/RND/raghu/IMG/robocam_2017_06_05_22_06_13_388.jpg,0,1,0,2.099848,114.1698,101.5754,1.302006,9.83268,-0.001156682
/Users/raghu/RND/raghu/IMG/robocam_2017_06_05_22_06_13_438.jpg,0,1,0,2.129352,114.2959,101.5967,1.3085,9.820877,-0.00120264
/Users/raghu/RND/raghu/IMG/robocam_2017_06_05_22_06_13_488.jpg,0,1,0,2.173796,114.3814,101.6112,1.308876,9.814102,-0.001182945
/Users/raghu/RND/raghu/IMG/robocam_2017_06_05_22_06_13_538.jpg,0,1,0,2.203151,114.5118,101.6332,1.311205,9.803726,-0.001215825
/Users/raghu/RND/raghu/IMG/robocam_2017_06_05_22_06_13_588.jpg,0,0.9007509,0,2.246766,114.6002,101.6481,1.31163,9.795052,-0.00120024
/Users/raghu/RND/raghu/IMG/robocam_2017_06_05_22_06_13_655.jpg,0,0.7520439,0,2.270811,114.7799,101.6784,1.311344,9.782417,-0.0006760455
/Users/raghu/RND/raghu/IMG/robocam_2017_06_05_22_06_13_705.jpg,0,0.550429,0,2.300595,114.8708,101.6936,1.307252,9.774544,-0.0007288322
/Users/raghu/RND/raghu/IMG/robocam_2017_06_05_22_06_13_754.jpg,0,0.400831,0,2.319786,115.0078,101.7167,1.291484,9.761162,-0.0005929897
/Users/raghu/RND/raghu/IMG/robocam_2017_06_05_22_06_13_804.jpg,0,0.2501439,0,2.327961,115.0993,101.732,1.268604,9.751495,-0.0005584515
/Users/raghu/RND/raghu/IMG/robocam_2017_06_05_22_06_13_855.jpg,0,0.1001859,0,2.331613,115.2363,101.755,1.206183,9.736931,-0.0004727751
/Users/raghu/RND/raghu/IMG/robocam_2017_06_05_22_06_13_905.jpg,0,0,0,2.329663,115.3271,101.7702,1.143335,9.727425,-0.0003941484
/Users/raghu/RND/raghu/IMG/robocam_2017_06_05_22_06_13_955.jpg,0,0,0,2.322889,115.4625,101.7928,1.018828,9.71405,-0.0002798151
/Users/raghu/RND/raghu/IMG/robocam_2017_06_05_22_06_14_005.jpg,0,0,0,2.318069,115.5522,101.8078,0.9197917,9.705452,-0.0001656001
/Users/raghu/RND/raghu/IMG/robocam_2017_06_05_22_06_14_055.jpg,0,0,0,2.310808,115.6861,101.8302,0.7542504,9.693245,0.0004583827
/Users/raghu/RND/raghu/IMG/robocam_2017_06_05_22_06_14_104.jpg,0,0,0,2.305903,115.775,101.8451,0.6362114,9.686775,0.003769082
/Users/raghu/RND/raghu/IMG/robocam_2017_06_05_22_06_14_155.jpg,0,0,0,2.298491,115.9079,101.8675,0.4532675,9.680412,0.01473594
/Users/raghu/RND/raghu/IMG/robocam_2017_06_05_22_06_14_206.jpg,0,0,0,2.293508,115.9962,101.8825,0.3303285,9.678444,0.02592541
/Users/raghu/RND/raghu/IMG/robocam_2017_06_05_22_06_14_254.jpg,0,0,0,2.285978,116.1282,101.905,0.1474235,9.678207,0.04654778
/Users/raghu/RND/raghu/IMG/robocam_2017_06_05_22_06_14_305.jpg,0,0,0,2.28092,116.216,101.9199,0.02576426,9.678284,0.0591814
/Users/raghu/RND/raghu/IMG/robocam_2017_06_05_22_06_14_355.jpg,0,0,0,2.273265,116.3476,101.9421,359.8561,9.673683,0.0648983
/Users/raghu/RND/raghu/IMG/robocam_2017_06_05_22_06_14_404.jpg,0,0,0,2.26787,116.4354,101.9568,359.7598,9.667061,0.056186
/Users/raghu/RND/raghu/IMG/robocam_2017_06_05_22_06_14_455.jpg,0,0,0,2.259744,116.5669,101.979,359.6363,9.658905,0.03572951
/Users/raghu/RND/raghu/IMG/robocam_2017_06_05_22_06_14_504.jpg,0,0,0,2.254385,116.6546,101.9938,359.5673,9.654083,0.01685626
/Users/raghu/RND/raghu/IMG/robocam_2017_06_05_22_06_14_555.jpg,0,0,0,2.246282,116.786,102.016,359.4787,9.650681,359.9891
/Users/raghu/RND/raghu/IMG/robocam_2017_06_05_22_06_14_605.jpg,0,0,0,2.240855,116.8736,102.0312,359.4397,9.656418,359.9888
/Users/raghu/RND/raghu/IMG/robocam_2017_06_05_22_06_14_655.jpg,0,0,0,2.232833,117.0047,102.0536,359.3869,9.658325,359.9809
/Users/raghu/RND/raghu/IMG/robocam_2017_06_05_22_06_14_704.jpg,0,0,0,2.227382,117.0922,102.0687,359.3706,9.664528,359.9909
/Users/raghu/RND/raghu/IMG/robocam_2017_06_05_22_06_14_755.jpg,0,0,0,2.219415,117.2231,102.091,359.3507,9.666565,-0.002310033
/Users/raghu/RND/raghu/IMG/robocam_2017_06_05_22_06_14_805.jpg,0,0,0,2.214299,117.3102,102.1059,359.3411,9.666832,0.001389155
/Users/raghu/RND/raghu/IMG/robocam_2017_06_05_22_06_14_855.jpg,0,0,0,2.206329,117.4408,102.1279,359.3454,9.661186,359.9915
/Users/raghu/RND/raghu/IMG/robocam_2017_06_05_22_06_14_905.jpg,0,0,0,2.20099,117.5277,102.1426,359.3544,9.659698,359.9852
/Users/raghu/RND/raghu/IMG/robocam_2017_06_05_22_06_14_954.jpg,0,0,0,2.193406,117.6577,102.1648,359.37,9.659195,359.9777
/Users/raghu/RND/raghu/IMG/robocam_2017_06_05_22_06_15_005.jpg,0,0,0,2.188374,117.7441,102.1795,359.3815,9.659149,359.9734
/Users/raghu/RND/raghu/IMG/robocam_2017_06_05_22_06_15_055.jpg,0,0,0,2.180603,117.8736,102.2018,359.4119,9.664192,359.981
/Users/raghu/RND/raghu/IMG/robocam_2017_06_05_22_06_15_105.jpg,0,0,0,2.175391,117.9597,102.2164,359.4347,9.665421,359.986
/Users/raghu/RND/raghu/IMG/robocam_2017_06_05_22_06_15_155.jpg,0,0,0,2.167949,118.0885,102.2384,359.4671,9.665825,359.9922
/Users/raghu/RND/raghu/IMG/robocam_2017_06_05_22_06_15_205.jpg,0,0,0,2.163013,118.1741,102.2529,359.4872,9.665878,-0.00396583
/Users/raghu/RND/raghu/IMG/robocam_2017_06_05_22_06_15_254.jpg,0,0,0,2.155641,118.3021,102.2747,359.5146,9.665886,0.001429428
/Users/raghu/RND/raghu/IMG/robocam_2017_06_05_22_06_15_305.jpg,0,0,0,2.150747,118.3871,102.2892,359.5309,9.665886,0.004738416
